,"Jan 24","Feb 24","Mar 24","Apr 24","May 24","Jun 24","Jul 24","Aug 24","Sep 24","Oct 24","Nov 24","Dec 24","TOTAL"
"55 Industries",0.00,0.00,0.00,0.00,0.00,0.00,0.00,0.00,7908.70,0.00,0.00,0.00,7908.70
"AAF International",1730.00,6930.40,49288.00,4489.60,5460.00,0.00,0.00,0.00,0.00,56120.00,0.00,957.33,124975.33
"ABB Optical Group",0.00,0.00,0.00,0.00,0.00,904.10,0.00,0.00,0.00,0.00,0.00,0.00,904.10
"Abbvie",0.00,0.00,0.00,0.00,0.00,0.00,0.00,0.00,0.00,0.00,0.00,7994.33,7994.33
"Acciona Energy USA Global LLC",0.00,4372.28,1160.35,0.00,9977.30,0.00,11268.48,0.00,0.00,0.00,10975.03,0.00,37753.44
"Action Duct",319.11,0.00,0.00,0.00,0.00,0.00,200.00,0.00,0.00,0.00,0.00,0.00,519.11
"Adventist Health Simi Valley",0.00,0.00,0.00,0.00,0.00,0.00,0.00,0.00,0.00,0.00,3580.89,6897.93,10478.82
"Adventist Health Twin Cities",0.00,0.00,0.00,0.00,0.00,0.00,0.00,0.00,0.00,0.00,0.00,2651.04,2651.04
"Aero Chrome Plating",0.00,0.00,1087.28,0.00,0.00,0.00,0.00,0.00,0.00,4879.36,0.00,0.00,5966.64
"Aerojet RocketDyne",0.00,0.00,0.00,0.00,10561.60,0.00,0.00,0.00,76123.41,17313.26,4737.77,5676.44,114412.48
"AES Alamitos Energy, LLC",0.00,0.00,74292.00,0.00,0.00,0.00,0.00,0.00,0.00,0.00,0.00,0.00,74292.00
"AFI - Alternatives For Industry",0.00,132.50,146.60,0.00,0.00,0.00,0.00,0.00,0.00,0.00,0.00,0.00,279.10
"Air Filter Plus",0.00,0.00,0.00,0.00,0.00,3261.76,0.00,0.00,0.00,0.00,0.00,4538.22,7799.98
"Air Filter Superstore Wholsale, LLC",0.00,0.00,0.00,0.00,0.00,0.00,0.00,2067.06,0.00,0.00,0.00,0.00,2067.06
"Air Filter Supply",67868.49,44361.36,51971.28,3864.00,74791.97,35172.19,67814.66,31068.05,31744.88,89856.68,51285.68,19114.35,568913.59
"Air Filters Northwest",0.00,16641.60,8311.68,0.00,6251.29,11113.05,5451.60,7213.71,3593.58,3900.80,0.00,11820.53,74297.84
"Air Filtration Solutions",386.31,0.00,0.00,0.00,847.08,6038.50,3200.20,6037.34,11111.13,4249.41,2752.65,0.00,34622.62
"Air Temperature  Control",0.00,3566.00,0.00,0.00,0.00,0.00,0.00,0.00,0.00,0.00,0.00,0.00,3566.00
"Aircraft Component Services, Inc",0.00,1450.20,0.00,0.00,0.00,0.00,0.00,0.00,0.00,0.00,0.00,0.00,1450.20
"Aircraft Food Service Equipment Repair",0.00,0.00,0.00,0.00,0.00,0.00,0.00,0.00,0.00,0.00,1752.30,0.00,1752.30
"Alan Crist",0.00,0.00,0.00,0.00,0.00,0.00,156.50,0.00,0.00,0.00,0.00,0.00,156.50
"Alaska Electric & Energy Cooperative, Inc",0.00,0.00,0.00,0.00,0.00,0.00,0.00,0.00,0.00,0.00,0.00,0.00,0.00
"Alhambra Hospital Medical Center",4281.08,0.00,1126.55,1831.64,0.00,0.00,608.30,0.00,0.00,0.00,608.30,0.00,8455.87
"Alpha Omega Environmental",0.00,0.00,0.00,0.00,0.00,0.00,0.00,0.00,355.60,0.00,0.00,0.00,355.60
"Alpha Tau Medical Inc",0.00,0.00,0.00,0.00,0.00,0.00,0.00,0.00,3851.72,0.00,0.00,0.00,3851.72
"ALTAVAIR L.P.",0.00,0.00,0.00,0.00,0.00,390.00,0.00,0.00,0.00,0.00,0.00,0.00,390.00
"Amazon - LAS1-IXD",6558.61,6626.49,11017.74,5353.16,4369.82,6281.65,8001.21,4962.41,11691.69,1233.48,12711.45,2784.80,81592.51
"American Air Balance Co, Inc.",0.00,0.00,0.00,3244.00,0.00,0.00,0.00,0.00,0.00,2892.56,3237.84,7309.92,16684.32
"American HandForge",111.61,0.00,0.00,0.00,0.00,0.00,0.00,0.00,0.00,0.00,0.00,0.00,111.61
"American Supply Chain Group",0.00,0.00,1484.84,0.00,0.00,0.00,0.00,0.00,0.00,0.00,0.00,0.00,1484.84
"AMI Filtration",0.00,2612.68,396.00,8522.34,1225.12,2406.88,0.00,633.20,0.00,0.00,2420.24,6531.82,24748.28
"AmmMm , Inc.",0.00,0.00,0.00,0.00,0.00,0.00,10750.95,0.00,0.00,0.00,0.00,0.00,10750.95
"Antelope Valley Union School District",5365.44,8554.62,3494.16,0.00,0.00,0.00,0.00,10643.97,5616.49,9101.73,0.00,8593.19,51369.60
"AP PARPRO, INC.",0.00,0.00,0.00,0.00,0.00,0.00,141.25,0.00,0.00,0.00,0.00,0.00,141.25
"Apex Electrical",0.00,0.00,0.00,696.48,0.00,0.00,0.00,0.00,0.00,0.00,0.00,0.00,696.48
"Applied Industrial Technologies",0.00,0.00,0.00,0.00,0.00,444.00,0.00,0.00,0.00,0.00,0.00,0.00,444.00
"Applied Medical",0.00,19038.08,0.00,0.00,0.00,0.00,0.00,0.00,0.00,0.00,0.00,0.00,19038.08
"ARC Boats",0.00,0.00,0.00,0.00,0.00,0.00,0.00,0.00,3019.46,0.00,0.00,0.00,3019.46
"Arise Hospitality Solutions",0.00,0.00,0.00,0.00,0.00,0.00,0.00,6704.56,0.00,0.00,0.00,0.00,6704.56
"Ascend Aero, Inc.",0.00,0.00,0.00,0.00,0.00,0.00,0.00,0.00,0.00,0.00,4135.81,0.00,4135.81
"Aspen Aerogels, Inc",0.00,0.00,0.00,0.00,0.00,1083.12,0.00,0.00,0.00,0.00,0.00,0.00,1083.12
"Aspire Bakeries, LLC",1653.52,1653.52,1238.60,21476.86,0.00,1675.52,535.92,1675.52,1960.88,1675.52,3209.04,0.00,36754.90
"ASRC Federal System Solutions",0.00,0.00,0.00,0.00,0.00,0.00,0.00,0.00,0.00,0.00,0.00,354.59,354.59
"Astro Aluminum Treating Co, Inc.",0.00,0.00,214.80,0.00,0.00,364.32,129.00,0.00,0.00,279.00,0.00,583.50,1570.62
"Autronic (China) Enterprise",0.00,0.00,0.00,0.00,0.00,0.00,0.00,0.00,0.00,0.00,0.00,14331.89,14331.89
"Autry Museum of West Heritage",0.00,0.00,0.00,0.00,0.00,0.00,0.00,401.96,0.00,0.00,0.00,0.00,401.96
"Avanti Industries, LLC.",0.00,0.00,0.00,0.00,0.00,817.20,2414.98,0.00,0.00,0.00,0.00,0.00,3232.18
"B. Braun Medical, Inc.",0.00,12420.84,0.00,0.00,0.00,0.00,0.00,0.00,12536.84,0.00,0.00,0.00,24957.68
"B2 Sign, Inc.",0.00,0.00,0.00,0.00,0.00,0.00,0.00,0.00,0.00,16735.00,0.00,0.00,16735.00
"BAE Systems",0.00,10252.03,0.00,0.00,0.00,4274.80,0.00,0.00,0.00,0.00,0.00,9536.67,24063.50
"Baker Hughes",0.00,0.00,0.00,0.00,0.00,207.02,0.00,0.00,0.00,0.00,0.00,0.00,207.02
"BC Air Filter Ltd. Group of Companies",0.00,0.00,0.00,0.00,0.00,0.00,11710.10,0.00,0.00,0.00,0.00,0.00,11710.10
"BDI USA",0.00,0.00,0.00,674.00,0.00,0.00,0.00,0.00,0.00,0.00,0.00,0.00,674.00
"Beck Electric Supply-LB",0.00,1481.00,0.00,0.00,0.00,0.00,0.00,1481.00,0.00,0.00,1481.00,0.00,4443.00
"Bellarmine College Preparatory",1444.50,0.00,0.00,0.00,0.00,0.00,0.00,0.00,0.00,0.00,0.00,0.00,1444.50
"Bellflower Unified School District",0.00,0.00,0.00,32991.23,0.00,0.00,0.00,0.00,0.00,0.00,0.00,0.00,32991.23
"Berry Petroleum, LLC",36422.20,9179.60,10524.19,0.00,99.44,0.00,0.00,0.00,0.00,0.00,38994.97,0.00,95220.40
"Beta Offshore",0.00,0.00,0.00,0.00,0.00,1156.40,499.20,0.00,0.00,0.00,0.00,0.00,1655.60
"BHP Billiton YMCA",0.00,0.00,0.00,42.84,0.00,0.00,0.00,0.00,0.00,0.00,0.00,0.00,42.84
"Biodefensor Filters (Protein Kitchen)",8467.57,0.00,12070.64,4112.99,5648.00,4607.00,4436.00,5872.00,6441.38,6531.93,7163.76,4126.97,69478.24
"Bisco Industries",0.00,807.73,0.00,0.00,0.00,0.00,2862.44,0.00,0.00,0.00,0.00,0.00,3670.17
"Black Smoke Apparel",0.00,0.00,0.00,0.00,0.00,0.00,0.00,0.00,0.00,0.00,0.00,147.91,147.91
"Blue Heaven",0.00,0.00,0.00,0.00,0.00,0.00,0.00,0.00,0.00,0.00,0.00,640.47,640.47
"Blue IAQ",0.00,0.00,0.00,0.00,0.00,0.00,320.20,0.00,0.00,0.00,0.00,0.00,320.20
"Blue Scope",0.00,0.00,0.00,0.00,0.00,0.00,0.00,0.00,4390.45,0.00,0.00,0.00,4390.45
"Braden Filtration",0.00,572.40,0.00,0.00,572.40,572.40,0.00,0.00,572.40,0.00,0.00,572.40,2862.00
"BS Tech Mine LLC",0.00,12788.67,0.00,0.00,0.00,0.00,0.00,0.00,0.00,0.00,0.00,0.00,12788.67
"BSE Performance LLC",0.00,0.00,0.00,0.00,0.00,0.00,0.00,332.00,0.00,0.00,0.00,0.00,332.00
"Build A Sign.",2521.00,1344.00,1708.00,1708.00,1300.00,0.00,1786.00,2816.00,580.00,3500.00,245.00,4161.00,21669.00
"Busch Manufacturing LLC",5917.16,3913.78,4023.46,4574.98,5547.98,4820.20,9988.00,0.00,1196.00,8441.00,3040.30,4989.77,56452.63
"Business Tribune Global Company Ltd",0.00,0.00,0.00,113025.98,0.00,0.00,0.00,0.00,0.00,0.00,0.00,0.00,113025.98
"Calgren Renewable Fuels, LLC",0.00,0.00,1980.48,0.00,1517.60,0.00,0.00,0.00,0.00,0.00,0.00,0.00,3498.08
"Calhoun & DeJong, Inc",0.00,0.00,0.00,0.00,0.00,0.00,0.00,0.00,1196.59,0.00,0.00,908.00,2104.59
"California Institute of Technology",0.00,0.00,0.00,0.00,0.00,0.00,0.00,0.00,4169.60,0.00,0.00,0.00,4169.60
"California Resources Corporation",0.00,0.00,0.00,0.00,0.00,0.00,0.00,0.00,0.00,0.00,38621.76,0.00,38621.76
"California State Univ of Fullerton",0.00,0.00,0.00,14804.40,0.00,0.00,0.00,0.00,0.00,0.00,0.00,0.00,14804.40
"California State University- (NAES Channe",0.00,0.00,0.00,0.00,44573.96,0.00,0.00,0.00,0.00,0.00,0.00,0.00,44573.96
"Calpeak - Border",0.00,0.00,15230.84,0.00,0.00,0.00,0.00,0.00,0.00,0.00,0.00,0.00,15230.84
"Calpeak - Enterprise",0.00,0.00,0.00,8827.40,0.00,0.00,0.00,0.00,0.00,0.00,0.00,0.00,8827.40
"Calpine - Los Esteros CEF",0.00,0.00,0.00,10508.80,0.00,0.00,0.00,0.00,0.00,0.00,0.00,0.00,10508.80
"Calpine - Pastoria",0.00,0.00,0.00,0.00,0.00,0.00,0.00,0.00,0.00,18325.44,0.00,17452.80,35778.24
"Calpoly State University, San Luis Obispo",0.00,0.00,0.00,0.00,4909.10,0.00,0.00,0.00,0.00,2578.71,0.00,3700.00,11187.81
"Camfil-Jonesboro",0.00,6350.00,7250.00,0.00,0.00,158.75,6350.00,7250.00,0.00,0.00,0.00,13600.00,40958.75
"Camfil Power Systems",4408.00,23798.40,22209.60,0.00,0.00,5510.00,1071.36,0.00,23680.00,4959.00,0.00,0.00,85636.36
"Camfil USA, Inc.",0.00,1923.12,0.00,0.00,0.00,4270.56,0.00,0.00,5989.76,0.00,374.36,6956.60,19514.40
"CAMS Long Beach Generation LLC.",57397.20,355.04,0.00,0.00,0.00,0.00,0.00,0.00,0.00,0.00,0.00,0.00,57752.24
"Canyon Power Plant / Kraemer Peaking",0.00,0.00,743.12,0.00,0.00,0.00,0.00,0.00,0.00,0.00,19906.08,9915.64,30564.84
"Capway Automation",0.00,0.00,0.00,0.00,0.00,0.00,0.00,0.00,0.00,0.00,0.00,0.00,0.00
"CBRE, Inc.",0.00,0.00,31913.12,0.00,0.00,0.00,0.00,0.00,0.00,0.00,0.00,0.00,31913.12
"CD & Power",0.00,0.00,0.00,0.00,0.00,0.00,0.00,0.00,0.00,0.00,704.00,0.00,704.00
"CEC Technologies,Inc.",0.00,0.00,0.00,0.00,0.00,8795.75,0.00,0.00,0.00,0.00,0.00,0.00,8795.75
"CECO Peerless",0.00,1577.00,0.00,0.00,0.00,0.00,0.00,0.00,1998.20,1718.20,0.00,0.00,5293.40
"Cedar-Sinai Medical Center",12532.49,51499.42,11328.90,3711.48,856.56,45466.14,9626.65,127025.45,26053.01,37365.66,37231.91,2684.58,365382.25
"Cedars-Sinai Marina Hospital",0.00,54.44,11289.58,54.44,0.00,54.44,11129.01,1132.34,0.00,0.00,0.00,0.00,23714.25
"Cemtek Enviromental",315.00,0.00,0.00,0.00,630.00,0.00,0.00,0.00,315.00,0.00,0.00,0.00,1260.00
"Centinela Hospital Medical Center-",0.00,0.00,12844.83,1488.35,0.00,9812.35,24493.53,10038.96,11260.91,1576.94,1362.68,1378.88,74257.43
"CHA Hollywood Medical Center LP",0.00,0.00,0.00,0.00,584.00,1800.80,1070.00,0.00,0.00,0.00,0.00,0.00,3454.80
"Chevron - Salinas River Cogen",0.00,0.00,0.00,0.00,0.00,0.00,0.00,0.00,0.00,8810.96,0.00,0.00,8810.96
"Chevron Products Co-Richmond, CA",0.00,0.00,0.00,0.00,0.00,0.00,0.00,0.00,0.00,0.00,0.00,14884.00,14884.00
"Childrens Hospital of Los Angeles","","","","","","","","","","","","",
"0000587428",0.00,0.00,0.00,0.00,0.00,0.00,0.00,9148.12,0.00,84279.50,0.00,0.00,93427.62
"0000683567",0.00,18796.07,95447.89,12427.51,3503.97,5429.60,3503.97,12742.18,0.00,16104.87,0.00,13925.74,181881.80
"0000683569",0.00,0.00,15284.40,0.00,0.00,0.00,0.00,0.00,0.00,0.00,0.00,0.00,15284.40
"Childrens Hospital of Los Angeles - Other",0.00,14123.88,130565.22,14884.31,49658.81,1917.08,92224.66,47556.14,271.04,54742.60,271.04,57829.39,464044.17
"Total Childrens Hospital of Los Angeles",0.00,32919.95,241297.51,27311.82,53162.78,7346.68,95728.63,69446.44,271.04,155126.97,271.04,71755.13,754637.99
"Chino Valley Medical Center",0.00,0.00,0.00,0.00,0.00,0.00,0.00,0.00,0.00,0.00,0.00,3082.39,3082.39
"CHOC-",22658.18,0.00,0.00,85012.54,57693.02,0.00,0.00,0.00,6068.10,17140.57,0.00,0.00,188572.41
"Church of Scientology Western US",0.00,0.00,0.00,126.10,0.00,0.00,0.00,6890.22,0.00,0.00,0.00,0.00,7016.32
"City of Hope Hospital-Duarte",14903.00,30374.62,31455.18,31747.97,960.99,188312.24,25553.97,43715.92,16368.42,25327.26,1621.47,99142.92,509483.96
"City of Hope Orange County",1444.26,6540.10,0.00,343.63,314.80,6540.10,15131.01,6026.04,344.80,0.00,506.56,6026.04,43217.34
"City of Redding Electric Utility",0.00,0.00,0.00,0.00,0.00,3555.29,531.92,0.00,0.00,0.00,0.00,0.00,4087.21
"City of Riverside Public Utilities",0.00,0.00,0.00,9195.00,5547.00,0.00,0.00,0.00,0.00,2312.96,0.00,0.00,17054.96
"City of Vernon",0.00,0.00,0.00,0.00,11380.54,0.00,0.00,0.00,0.00,0.00,0.00,4671.34,16051.88
"Civil-Mechanical Contractor/Aircond Hawai",0.00,2512.08,0.00,0.00,774.36,0.00,0.00,0.00,0.00,0.00,0.00,0.00,3286.44
"CK Loosbrock",0.00,0.00,0.00,0.00,0.00,0.00,0.00,0.00,0.00,0.00,0.00,17944.00,17944.00
"Clark Air Systems",0.00,21332.58,0.00,0.00,0.00,2604.47,2028.60,579.60,0.00,34516.74,0.00,0.00,61061.99
"Classica Cruise Line",0.00,0.00,0.00,0.00,0.00,0.00,0.00,0.00,0.00,4162.96,0.00,0.00,4162.96
"Clebae Infinique Tooling and Molding",0.00,0.00,1138.93,0.00,0.00,0.00,0.00,0.00,0.00,0.00,0.00,0.00,1138.93
"CLG International",3547.48,0.00,0.00,0.00,0.00,0.00,0.00,2081.64,0.00,0.00,0.00,0.00,5629.12
"Colorado Air Filters",0.00,0.00,0.00,0.00,490.28,125.20,81.51,0.00,0.00,0.00,0.00,0.00,696.99
"COMMERCIAL FILTER SALES",0.00,0.00,0.00,0.00,0.00,0.00,0.00,0.00,375.00,0.00,0.00,0.00,375.00
"Continental Development Corporation",0.00,19044.12,0.00,0.00,0.00,0.00,18741.36,0.00,0.00,0.00,0.00,0.00,37785.48
"Contour Global",0.00,0.00,0.00,0.00,0.00,0.00,4245.00,0.00,0.00,40706.41,0.00,92600.00,137551.41
"Cooperative Energy",0.00,0.00,0.00,0.00,66943.63,29342.66,0.00,0.00,0.00,0.00,0.00,0.00,96286.29
"County Sanitation District of Los Angeles",0.00,0.00,0.00,0.00,8610.56,0.00,0.00,0.00,0.00,0.00,0.00,0.00,8610.56
"Coyote Springs Plant",0.00,0.00,0.00,0.00,29633.60,0.00,0.00,0.00,0.00,0.00,0.00,0.00,29633.60
"Crockett Cogeneration",0.00,0.00,0.00,0.00,0.00,151530.62,0.00,0.00,12489.96,0.00,0.00,57593.52,221614.10
"D A V General Services, LLC",0.00,7353.75,0.00,2146.32,0.00,0.00,0.00,0.00,25620.16,0.00,0.00,0.00,35120.23
"Dave Downing & Associates",1345.04,0.00,0.00,747.08,0.00,0.00,31213.54,0.00,0.00,0.00,0.00,0.00,33305.66
"Delta Pump Systems",0.00,0.00,0.00,0.00,0.00,0.00,0.00,0.00,0.00,0.00,0.00,1296.00,1296.00
"Department of General Services",0.00,0.00,0.00,0.00,0.00,0.00,-40.54,0.00,0.00,0.00,0.00,0.00,-40.54
"Department of State Hospitals – Patton",0.00,0.00,0.00,0.00,0.00,0.00,0.00,0.00,0.00,0.00,0.00,87152.30,87152.30
"Department of Veteran Affairs Los Angeles",0.00,0.00,7530.24,0.00,0.00,0.00,0.00,0.00,0.00,9156.84,0.00,0.00,16687.08
"Desert Valley Hospital",0.00,0.00,0.00,0.00,0.00,24584.56,0.00,3219.12,0.00,0.00,0.00,0.00,27803.68
"DHA Filter",0.00,0.00,0.00,0.00,0.00,1237.95,655.00,0.00,0.00,0.00,0.00,0.00,1892.95
"Diana's Mexican Food Products",0.00,0.00,450.40,0.00,0.00,0.00,0.00,0.00,0.00,0.00,0.00,0.00,450.40
"DMG Corporation- Orange",0.00,0.00,0.00,0.00,0.00,0.00,28650.20,0.00,2879.12,0.00,0.00,0.00,31529.32
"DMG North",0.00,340.96,0.00,0.00,0.00,0.00,0.00,0.00,0.00,0.00,0.00,0.00,340.96
"DVBE Suppliers",0.00,0.00,0.00,0.00,2291.36,0.00,3589.52,0.00,0.00,0.00,0.00,0.00,5880.88
"Dynegy Moss Landing, LLC",8896.95,0.00,0.00,24220.20,0.00,0.00,0.00,0.00,0.00,0.00,0.00,0.00,33117.15
"Edison Material Supply, LLC",39102.53,123851.22,172636.24,11288.72,294776.86,20439.40,6404.21,3415.02,3045.59,60721.74,11026.50,49629.32,796337.35
"Eisenhower Medical Center",23518.99,30581.04,36291.97,9565.47,2254.37,114776.19,37211.58,57816.30,27221.80,2254.37,2254.37,28534.84,372281.29
"Emanate Health","","","","","","","","","","","","",
"Foothill Presbyterian Hospital",0.00,350.00,0.00,4499.93,6585.71,3437.33,350.00,700.00,3812.96,14082.79,350.00,0.00,34168.72
"Inter-Community Campus",8861.03,350.00,175.00,1038.83,37371.44,350.00,8354.73,350.00,1118.80,10326.18,350.00,8212.23,76858.24
"Queen of the Valley",0.00,22435.84,1966.04,14935.63,9527.13,500.05,11091.27,10135.89,500.05,11809.85,1766.33,1621.65,86289.73
"Total Emanate Health",8861.03,23135.84,2141.04,20474.39,53484.28,4287.38,19796.00,11185.89,5431.81,36218.82,2466.33,9833.88,197316.69
"Energy Development, Inc.",932.22,0.00,0.00,0.00,0.00,0.00,0.00,0.00,0.00,962.22,0.00,0.00,1894.44
"Engineering Applications, LLC",144.78,0.00,144.78,0.00,144.78,0.00,144.78,0.00,144.78,0.00,144.78,0.00,868.68
"Engineering Systems Limitied",0.00,0.00,24171.18,0.00,0.00,0.00,0.00,0.00,0.00,0.00,0.00,0.00,24171.18
"Equisol Equipos y Soluciones SAS",0.00,0.00,0.00,0.00,0.00,538.17,752.12,0.00,0.00,0.00,0.00,0.00,1290.29
"ERM",0.00,0.00,0.00,0.00,0.00,0.00,0.00,3080.00,0.00,0.00,0.00,0.00,3080.00
"Erving Paper Mill",0.00,0.00,0.00,0.00,1704.00,0.00,0.00,0.00,0.00,0.00,0.00,0.00,1704.00
"Ethos Energy Group",0.00,0.00,0.00,0.00,0.00,0.00,0.00,0.00,0.00,0.00,0.00,10740.09,10740.09
"Everest Sciences, an S&T Compan",0.00,3643.60,6981.42,0.00,0.00,0.00,0.00,0.00,0.00,0.00,0.00,0.00,10625.02
"EX Trading LLC",0.00,0.00,0.00,0.00,0.00,0.00,0.00,0.00,0.00,494.00,0.00,0.00,494.00
"Fastenal Company-Oxnard",587.25,0.00,0.00,0.00,0.00,626.40,0.00,0.00,0.00,626.40,0.00,0.00,1840.05
"Federal Reserve Bank of San Francisco",0.00,0.00,0.00,0.00,0.00,4666.91,29442.87,0.00,0.00,0.00,0.00,0.00,34109.78
"Ferguson Industrial/Amgen",0.00,0.00,0.00,0.00,0.00,1829.16,0.00,0.00,3658.32,0.00,0.00,0.00,5487.48
"FilTech, Inc.",0.00,0.00,0.00,0.00,0.00,0.00,0.00,0.00,0.00,0.00,8585.00,27577.74,36162.74
"Filter Resources",13082.55,0.00,27757.80,15153.86,232.08,0.00,13392.47,3151.35,16690.08,0.00,14496.00,4870.52,108826.71
"Filter Resources, Inc.",0.00,8830.08,0.00,0.00,5678.40,0.00,0.00,0.00,7649.88,13510.42,0.00,0.00,35668.78
"Filter Technology Company",43090.40,9772.00,0.00,0.00,470.70,0.00,8113.58,0.00,0.00,0.00,0.00,0.00,61446.68
"Filters For Industry, Inc.",0.00,0.00,0.00,0.00,0.00,30145.00,0.00,21660.00,0.00,0.00,0.00,0.00,51805.00
"Fleetlife, Inc..",36.68,0.00,0.00,0.00,0.00,0.00,0.00,0.00,0.00,0.00,3463.20,288.60,3788.48
"Flex Form Technologies",0.00,0.00,0.00,357.00,0.00,0.00,0.00,0.00,0.00,0.00,0.00,0.00,357.00
"Florence Filter",0.00,0.00,0.00,0.00,2385.00,3180.00,0.00,0.00,0.00,0.00,0.00,0.00,5565.00
"Foss Maritime Company",0.00,0.00,0.00,4318.66,0.00,0.00,0.00,0.00,0.00,0.00,0.00,0.00,4318.66
"G7 Technology Development Ltd., Co",0.00,0.00,0.00,0.00,0.00,15876.44,0.00,0.00,0.00,0.00,0.00,0.00,15876.44
"Garden Grove Hospital and Medical Center",3992.15,0.00,0.00,0.00,3996.35,0.00,0.00,0.00,0.00,0.00,0.00,0.00,7988.50
"GE Power- Alstom Power, Inc.",0.00,15870.00,0.00,0.00,0.00,0.00,0.00,0.00,0.00,0.00,0.00,20472.00,36342.00
"General Mills Operations, Inc.",0.00,1843.52,1843.52,0.00,0.00,0.00,0.00,1843.52,0.00,0.00,0.00,3687.04,9217.60
"Glenair, Inc.",754.13,0.00,0.00,0.00,0.00,0.00,0.00,0.00,0.00,0.00,0.00,0.00,754.13
"Glendale Adventist Medical Center",9548.52,10572.80,10559.88,10539.64,10545.08,4637.79,10572.80,10572.80,10572.80,10572.80,10572.80,11020.49,120288.20
"Glidewell Dental",0.00,0.00,0.00,0.00,0.00,0.00,0.00,0.00,0.00,1630.20,0.00,0.00,1630.20
"Golden Valley Electric Association, Inc.",0.00,6972.98,0.00,0.00,0.00,0.00,0.00,0.00,0.00,2324.28,0.00,0.00,9297.26
"Google - McCarren",0.00,0.00,829.33,0.00,0.00,0.00,0.00,0.00,801.44,0.00,0.00,0.00,1630.77
"Green Ramp Group LLC",0.00,0.00,0.00,0.00,0.00,4453.83,0.00,0.00,0.00,0.00,0.00,0.00,4453.83
"Greenleaf Power",1200.00,0.00,0.00,0.00,0.00,0.00,0.00,0.00,0.00,0.00,0.00,0.00,1200.00
"Grifols Biological Inc.",781.92,0.00,7195.21,17358.92,0.00,4602.21,72053.38,0.00,8030.10,0.00,0.00,77870.09,187891.83
"Gulf Stream Marine",0.00,0.00,0.00,0.00,0.00,0.00,0.00,0.00,1167.93,0.00,0.00,0.00,1167.93
"Harbor-UCLA Medical Center",4180.70,12585.13,17904.26,0.00,417.12,0.00,4214.88,4502.96,0.00,0.00,4367.58,12572.68,60745.31
"Harder Mechanical Contractors",0.00,0.00,0.00,0.00,0.00,0.00,0.00,0.00,0.00,397.00,0.00,0.00,397.00
"Harry L. Oswald Generating Station",0.00,0.00,0.00,0.00,0.00,0.00,17003.20,0.00,0.00,0.00,0.00,0.00,17003.20
"Harvestone Low Carbon Partners",0.00,0.00,0.00,0.00,0.00,0.00,0.00,0.00,0.00,323.71,0.00,0.00,323.71
"Hatfield & Company, Inc.",0.00,0.00,0.00,0.00,3288.27,0.00,0.00,0.00,3934.45,0.00,3278.00,0.00,10500.72
"Hawaiian Electric Light Company",0.00,0.00,0.00,0.00,6105.67,9728.10,0.00,0.00,11255.51,0.00,18273.24,0.00,45362.52
"Henry's Hardware & Supply",8862.84,0.00,0.00,0.00,0.00,0.00,0.00,0.00,0.00,0.00,0.00,0.00,8862.84
"Herr Industrial",0.00,0.00,0.00,0.00,0.00,0.00,0.00,0.00,0.00,140.00,0.00,0.00,140.00
"High Desert Health Center",0.00,4233.04,0.00,0.00,0.00,0.00,0.00,0.00,0.00,0.00,0.00,0.00,4233.04
"High Desert Power Plant",0.00,0.00,0.00,52459.50,0.00,0.00,0.00,0.00,0.00,0.00,0.00,0.00,52459.50
"Hitachi Particle Engineering and Services",0.00,0.00,0.00,0.00,0.00,0.00,1363.22,0.00,0.00,0.00,0.00,0.00,1363.22
"Hoag Hospital",0.00,0.00,0.00,0.00,0.00,0.00,0.00,0.00,0.00,0.00,0.00,21170.50,21170.50
"Hollywood Vaults",0.00,0.00,0.00,0.00,1858.44,0.00,0.00,0.00,0.00,0.00,0.00,0.00,1858.44
"Houston Water Works Team",837.39,0.00,0.00,0.00,0.00,0.00,0.00,0.00,0.00,0.00,0.00,0.00,837.39
"HPM International Corp.",0.00,0.00,0.00,0.00,0.00,0.00,137922.13,0.00,0.00,0.00,109925.00,0.00,247847.13
"HRL Laboratories, LLC",27958.75,0.00,0.00,0.00,0.00,0.00,3623.38,0.00,0.00,0.00,0.00,12719.04,44301.17
"Hudson Electric Sales Corp",0.00,764.92,0.00,0.00,0.00,796.04,0.00,0.00,0.00,0.00,0.00,0.00,1560.96
"Huntington Beach Hospital",0.00,0.00,7941.20,0.00,74.55,8430.50,0.00,0.00,0.00,0.00,0.00,0.00,16446.25
"Huntington Memorial Hospital",0.00,4080.00,17539.96,58043.46,0.00,0.00,0.00,0.00,0.00,4659.96,15423.12,0.00,99746.50
"Hutchinson Utilities",0.00,0.00,7464.65,0.00,4487.99,0.00,0.00,0.00,0.00,0.00,0.00,0.00,11952.64
"I-Tech Mechanical Contractor, Inc.",0.00,0.00,0.00,261.12,0.00,0.00,0.00,0.00,0.00,0.00,0.00,0.00,261.12
"Idrometal SAC",0.00,0.00,0.00,5373.44,5373.44,0.00,0.00,0.00,0.00,0.00,0.00,0.00,10746.88
"Imperial Electric LLC",0.00,0.00,0.00,0.00,0.00,0.00,0.00,0.00,0.00,0.00,0.00,2158.39,2158.39
"Imperial Filtration",0.00,0.00,0.00,0.00,0.00,0.00,0.00,0.00,881.70,0.00,0.00,0.00,881.70
"Industrial Filtration, Inc..",0.00,0.00,4832.87,0.00,0.00,0.00,0.00,0.00,0.00,0.00,0.00,0.00,4832.87
"Industrial Supplies Company",7888.82,0.00,0.00,0.00,0.00,1495.40,1727.16,0.00,30778.04,649.60,10309.52,0.00,52848.54
"Industrial Supply",0.00,0.00,0.00,0.00,0.00,0.00,0.00,0.00,4708.90,0.00,0.00,755.79,5464.69
"Ingeteam",637.20,885.00,5451.60,849.60,0.00,1947.00,3044.40,3964.80,0.00,1062.00,566.40,637.20,19045.20
"Innovative Sourcing Solutions",0.00,0.00,0.00,0.00,0.00,9018.28,88048.30,0.00,0.00,0.00,0.00,0.00,97066.58
"INTER WORLDWIDE TRADING",0.00,2168.71,0.00,0.00,0.00,0.00,0.00,0.00,0.00,0.00,0.00,0.00,2168.71
"International Manufacturers Reps",0.00,0.00,0.00,0.00,0.00,1402.76,0.00,1447.84,0.00,0.00,0.00,0.00,2850.60
"Intrinsyx Technologies Corporation",1386.39,0.00,0.00,0.00,0.00,0.00,0.00,0.00,0.00,0.00,0.00,0.00,1386.39
"IYoung Inc",0.00,0.00,3047.00,0.00,0.00,0.00,0.00,0.00,0.00,0.00,0.00,0.00,3047.00
"J Berry Company, Inc.",0.00,0.00,0.00,0.00,0.00,0.00,0.00,0.00,507.54,0.00,0.00,0.00,507.54
"Jack T. Carter Company, Inc.",20961.64,3980.84,0.00,0.00,0.00,24747.32,0.00,11586.41,0.00,1347.82,0.00,7623.60,70247.63
"Jacqueline Gill",0.00,357.16,0.00,0.00,0.00,0.00,0.00,0.00,0.00,0.00,0.00,0.00,357.16
"Jamaica Public Service Company Limited",0.00,0.00,0.00,0.00,0.00,0.00,0.00,0.00,0.00,1183.25,0.00,0.00,1183.25
"Jazz Semiconductor",1904.00,4091.58,0.00,0.00,8346.01,0.00,0.00,3427.20,0.00,0.00,4886.67,0.00,22655.46
"JG Maintenance",0.00,0.00,1243.80,0.00,0.00,0.00,1328.96,0.00,0.00,0.00,0.00,0.00,2572.76
"Joe Fly Company",0.00,2711.94,0.00,0.00,88550.92,1220.80,0.00,0.00,0.00,0.00,0.00,0.00,92483.66
"Johnny Clean Car Wash",0.00,0.00,0.00,0.00,5686.70,0.00,0.00,0.00,0.00,0.00,0.00,0.00,5686.70
"Jonesboro City Water & Light Plant",0.00,0.00,0.00,0.00,0.00,109040.21,0.00,0.00,0.00,0.00,0.00,0.00,109040.21
"Kaiser Foundation Hospital-Downey-",4463.17,0.00,5802.56,0.00,0.00,0.00,0.00,2980.71,9077.78,5390.64,1997.72,0.00,29712.58
"Kaiser Permanente - North Hollywood",0.00,0.00,1726.04,1503.86,0.00,0.00,205.16,5339.40,0.00,0.00,2066.36,920.36,11761.18
"Karma Automotive",0.00,0.00,0.00,0.00,327.68,4118.00,0.00,0.00,0.00,0.00,0.00,11195.20,15640.88
"Kauai Island Utility CO-OP",0.00,0.00,9003.50,0.00,0.00,6200.16,160.43,0.00,0.00,2110.88,0.00,0.00,17474.97
"Kenworth Mexicana, S.A de C.V.",0.00,0.00,0.00,0.00,0.00,12888.20,0.00,0.00,0.00,0.00,0.00,0.00,12888.20
"Kinder Morgan",1957.32,0.00,0.00,0.00,0.00,0.00,0.00,0.00,0.00,0.00,0.00,0.00,1957.32
"Kiva Marine Ltd",0.00,0.00,0.00,0.00,0.00,0.00,4829.00,0.00,0.00,0.00,0.00,0.00,4829.00
"Kobelco Compressors America, Inc.",0.00,0.00,0.00,0.00,0.00,0.00,0.00,0.00,0.00,0.00,431.00,0.00,431.00
"Kohls EFC E Fulfillment Center",0.00,0.00,2297.00,0.00,0.00,0.00,0.00,0.00,0.00,0.00,0.00,0.00,2297.00
"LA Downtown Medical Center",5210.00,0.00,0.00,0.00,0.00,0.00,0.00,0.00,0.00,0.00,0.00,0.00,5210.00
"La Paloma Generating Company",11925.00,0.00,55370.70,0.00,0.00,0.00,46284.60,18058.96,0.00,0.00,0.00,0.00,131639.26
"LAC+USC Medical Center",0.00,0.00,7152.20,24932.16,10010.12,22470.36,0.00,39745.85,0.00,0.00,0.00,0.00,104310.69
"LAJHealth",0.00,0.00,0.00,0.00,1263.44,0.00,0.00,0.00,0.00,0.00,0.00,0.00,1263.44
"Las Vegas Cogeneration",0.00,0.00,0.00,0.00,0.00,0.00,0.00,0.00,0.00,0.00,0.00,33915.00,33915.00
"Leidos|Antarctic Support Contract",0.00,0.00,0.00,13033.64,0.00,0.00,0.00,0.00,0.00,0.00,0.00,0.00,13033.64
"LGM Pharma- (Nexgen Pharma)",629.60,0.00,2363.00,668.72,781.16,0.00,670.76,0.00,507.44,454.88,322.40,0.00,6397.96
"Lincoln Electric System",0.00,0.00,0.00,4864.50,0.00,0.00,0.00,0.00,0.00,0.00,0.00,14775.80,19640.30
"Little Brothers Bakery",0.00,0.00,364.56,0.00,0.00,0.00,0.00,0.00,0.00,0.00,0.00,0.00,364.56
"Livematic",0.00,0.00,143.19,0.00,0.00,0.00,0.00,1266.52,0.00,0.00,0.00,0.00,1409.71
"Logzone Urban JV2, LLC",808.80,0.00,53644.61,1205.12,0.00,0.00,0.00,0.00,0.00,0.00,0.00,0.00,55658.53
"Loma Linda University",4192.60,9093.54,6873.24,5408.08,6130.24,11882.63,11676.04,11766.04,17037.68,0.00,24945.86,14103.64,123109.59
"Los Angeles Center Studio",0.00,0.00,0.00,0.00,0.00,0.00,0.00,0.00,0.00,0.00,5488.00,0.00,5488.00
"Los Angeles County Rancho Los Amigos",4544.00,9087.48,0.00,0.00,0.00,4543.78,0.00,4545.29,0.00,0.00,8140.30,0.00,30860.85
"Los Angeles Cty. Internal Service Dept.",4441.25,20481.96,0.00,0.00,1740.01,684.13,0.00,417.29,0.00,1740.01,0.00,1893.85,31398.50
"Los Angeles Dept. of Water & Power",0.00,6176.50,0.00,0.00,0.00,4544.40,172.00,0.00,0.00,0.00,0.00,11685.63,22578.53
"Los Angeles Unified School Distric",8806.32,0.00,0.00,0.00,9130.13,0.00,0.00,0.00,0.00,0.00,0.00,0.00,17936.45
"Lotus USA",0.00,0.00,0.00,3956.68,0.00,0.00,0.00,0.00,0.00,5763.00,4706.12,0.00,14425.80
"Louis Vuitton",0.00,2424.00,7817.40,11307.00,4924.65,10095.50,16198.75,11781.25,17613.10,13863.70,26958.10,0.00,122983.45
"Maco Bag Corp.",0.00,0.00,0.00,0.00,0.00,0.00,0.00,0.00,0.00,727.30,0.00,0.00,727.30
"Madison- Ofc 5161 LLC",0.00,5135.24,0.00,0.00,0.00,0.00,0.00,0.00,0.00,0.00,0.00,0.00,5135.24
"Marathon Finishing Systems, Inc.",0.00,0.00,12976.16,0.00,12976.16,0.00,12976.16,0.00,0.00,12976.16,0.00,0.00,51904.64
"Marathon Petrolem",0.00,25199.20,0.00,0.00,0.00,0.00,0.00,0.00,0.00,0.00,37808.80,0.00,63008.00
"Marriot",0.00,0.00,0.00,0.00,0.00,0.00,0.00,0.00,0.00,0.00,0.00,5488.62,5488.62
"Mattco Forge",416.80,0.00,0.00,0.00,0.00,0.00,0.00,0.00,0.00,0.00,0.00,0.00,416.80
"Mayekawa USA, Inc.",1356.00,1336.24,0.00,0.00,4264.49,0.00,0.00,0.00,0.00,551.42,0.00,0.00,7508.15
"McKenney's A/C, Inc.",0.00,0.00,853.20,0.00,360.34,0.00,0.00,0.00,0.00,101.15,0.00,0.00,1314.69
"Mechanical Systems, Inc",0.00,0.00,0.00,0.00,0.00,0.00,0.00,0.00,0.00,0.00,108.72,0.00,108.72
"Medallion Supply Inc.",0.00,0.00,0.00,0.00,0.00,0.00,0.00,0.00,1660.05,0.00,0.00,0.00,1660.05
"Medic Air, LLC",6063.98,5760.40,3394.20,18397.02,1745.92,246.52,89.72,89.72,862.50,16528.40,6787.03,36397.68,96363.09
"Metro",84447.80,3420.94,1260.60,1902.88,2436.89,1905.29,12265.04,1528.00,3329.20,15139.01,2334.50,1075.08,131045.23
"Midway Peaking / Middle River Project",0.00,0.00,0.00,0.00,0.00,0.00,0.00,0.00,0.00,0.00,48965.16,0.00,48965.16
"Mission Aire",0.00,0.00,0.00,0.00,0.00,0.00,20395.54,708.22,0.00,0.00,0.00,0.00,21103.76
"MLK OP CENTER",0.00,0.00,0.00,0.00,0.00,0.00,0.00,0.00,0.00,0.00,18108.49,0.00,18108.49
"Motion Flow Control Products, Inc",26988.00,0.00,0.00,0.00,0.00,0.00,0.00,0.00,20573.28,145.60,0.00,0.00,47706.88
"Motion Industries.",2263.20,2713.77,0.00,1444.96,61.50,0.00,235.90,123.00,0.00,3672.80,5526.55,3142.40,19184.08
"MRC Global",0.00,0.00,360.50,0.00,0.00,0.00,764.86,0.00,0.00,432.43,0.00,0.00,1557.79
"Munasib Sanaye Techizat (MST LLC)",0.00,0.00,0.00,0.00,0.00,788.20,0.00,0.00,0.00,0.00,0.00,0.00,788.20
"MX Solutions",0.00,0.00,0.00,0.00,7054.20,0.00,0.00,0.00,0.00,0.00,0.00,0.00,7054.20
"Mybuddysaver",0.00,0.00,0.00,0.00,0.00,0.00,0.00,0.00,0.00,2023.00,0.00,0.00,2023.00
"NAES",0.00,0.00,0.00,8324.88,0.00,0.00,0.00,0.00,0.00,0.00,0.00,0.00,8324.88
"NAES - Tracy Power Project",0.00,0.00,138997.00,731172.72,0.00,0.00,0.00,0.00,0.00,0.00,0.00,0.00,870169.72
"Nathan Cleaver",0.00,3309.88,0.00,0.00,0.00,0.00,0.00,0.00,0.00,0.00,0.00,0.00,3309.88
"National Coatings & Supplies",0.00,0.00,0.00,0.00,1015.68,0.00,0.00,0.00,0.00,0.00,0.00,0.00,1015.68
"Naval Experimental Diving Unit",0.00,0.00,0.00,0.00,0.00,0.00,0.00,0.00,2637.72,0.00,0.00,0.00,2637.72
"NCPA (No. Cal. Power Agency)",0.00,0.00,0.00,0.00,0.00,0.00,0.00,0.00,7157.60,0.00,0.00,0.00,7157.60
"NE-XT Technologies",0.00,0.00,0.00,0.00,398.52,0.00,0.00,0.00,0.00,0.00,0.00,0.00,398.52
"Nederman Mikropul",3639.72,0.00,0.00,0.00,0.00,0.00,3876.60,3708.60,44.15,0.00,0.00,0.00,11269.07
"New Harquahala Generating Co",5270.42,0.00,6411.82,0.00,0.00,5258.68,0.00,8659.06,25438.65,15992.92,0.00,0.00,67031.55
"New Indy Container - Oxnard",0.00,0.00,0.00,0.00,0.00,0.00,0.00,8872.17,0.00,0.00,0.00,0.00,8872.17
"New Indy Container Board-Ontario, LLC",0.00,0.00,3817.40,0.00,3817.40,0.00,0.00,0.00,0.00,0.00,3817.40,0.00,11452.20
"New Ulm Power Plant",0.00,0.00,0.00,0.00,0.00,0.00,0.00,0.00,14694.88,0.00,0.00,0.00,14694.88
"Next Turbo Americas, LLC",0.00,0.00,2321.40,0.00,0.00,1963.16,829.56,0.00,901.36,0.00,1336.08,3137.41,10488.97
"Nezo Oilfield Supplies Limited",0.00,0.00,0.00,0.00,0.00,0.00,0.00,0.00,0.00,0.00,0.00,10377.50,10377.50
"NFE Power PR LLC",0.00,19159.20,2974.40,17672.00,0.00,0.00,0.00,0.00,0.00,0.00,0.00,0.00,39805.60
"Northridge Hospital Medical Center",-101.58,29461.94,-1203.26,-101.58,38345.78,-1213.71,-112.03,29451.49,-1213.71,0.00,2092.13,2842.13,98247.60
"Northrock Enterprises LLC",0.00,0.00,0.00,1318.00,0.00,0.00,1878.00,0.00,0.00,0.00,0.00,0.00,3196.00
"Northrop Grumman",0.00,0.00,0.00,0.00,0.00,0.00,0.00,0.00,0.00,0.00,0.00,0.00,0.00
"Norton Simon Museum",5613.20,0.00,111.12,0.00,6561.56,0.00,0.00,0.00,0.00,0.00,0.00,0.00,12285.88
"NRG - Marsh Landing",0.00,7520.00,0.00,0.00,4368.00,2152.00,0.00,0.00,0.00,0.00,0.00,0.00,14040.00
"NRG - Walnut Creek Energy",0.00,665.00,0.00,0.00,0.00,0.00,0.00,0.00,1116.00,0.00,0.00,0.00,1781.00
"NRG Energy El Segundo",0.00,0.00,0.00,0.00,0.00,7686.00,1872.00,780.18,0.00,0.00,0.00,20449.28,30787.46
"NTT Global Data Centers Americas, Inc",0.00,0.00,0.00,6079.05,4770.84,0.00,884.16,1780.89,20182.16,310.00,1871.52,0.00,35878.62
"NV Energy",14328.00,0.00,0.00,552.30,0.00,0.00,0.00,14328.00,134.00,248.40,0.00,528.79,30119.49
"NW Natural",0.00,0.00,0.00,0.00,5553.98,0.00,0.00,0.00,0.00,0.00,0.00,0.00,5553.98
"NXTNANO",2630.00,2017.00,2130.68,0.00,0.00,0.00,0.00,0.00,0.00,0.00,0.00,0.00,6777.68
"Oakland Power Station",0.00,1105.92,3648.00,0.00,0.00,0.00,0.00,0.00,0.00,0.00,0.00,0.00,4753.92
"Oerlikon",0.00,0.00,1342.00,0.00,0.00,0.00,0.00,0.00,0.00,0.00,0.00,0.00,1342.00
"Olive View-UCLA Medical Center",0.00,0.00,0.00,0.00,0.00,0.00,0.00,2998.50,2254.04,0.00,3250.16,2609.42,11112.12
"OLS Energy-CHINO",0.00,0.00,0.00,0.00,0.00,0.00,0.00,805.00,0.00,0.00,22494.36,0.00,23299.36
"Olympic Aviation",0.00,788.00,0.00,0.00,0.00,0.00,0.00,0.00,0.00,0.00,0.00,0.00,788.00
"Ontario Refrigeration",0.00,0.00,2017.70,0.00,0.00,0.00,0.00,0.00,0.00,0.00,0.00,0.00,2017.70
"Orange County Global Medical Center",5632.56,0.00,0.00,0.00,0.00,0.00,0.00,0.00,44571.63,0.00,0.00,0.00,50204.19
"Orange Grove Energy LP",0.00,0.00,0.00,0.00,0.00,0.00,0.00,7546.60,0.00,0.00,0.00,0.00,7546.60
"OSI Optoelectronics-Semicoa",0.00,0.00,0.00,0.00,3595.44,0.00,0.00,0.00,0.00,0.00,3857.46,0.00,7452.90
"P. Industriales",0.00,23018.00,3362.04,0.00,123176.00,4753.60,0.00,19270.00,0.00,0.00,0.00,0.00,173579.64
"Pacific Gas and Electric",2950.64,0.00,0.00,0.00,0.00,0.00,0.00,688.00,344.00,0.00,0.00,0.00,3982.64
"Pacific Mechanical Supply",460.41,7646.55,661.02,0.00,258.87,0.00,5214.07,0.00,0.00,0.00,0.00,1066.80,15307.72
"Pacific Solution International FZE (PSI)",0.00,0.00,0.00,0.00,0.00,0.00,0.00,0.00,0.00,0.00,0.00,5868.98,5868.98
"PacifiCorp",0.00,26608.44,0.00,0.00,0.00,0.00,0.00,0.00,0.00,0.00,0.00,0.00,26608.44
"PALM SPRINGS UNIFIED SCHOOL DISTRICT",0.00,0.00,0.00,0.00,0.00,10026.35,0.00,0.00,0.00,0.00,0.00,0.00,10026.35
"Palmdale Regional Medical Center",0.00,0.00,0.00,4379.08,0.00,0.00,4379.08,7807.96,0.00,4379.08,0.00,35261.21,56206.41
"Palomar Health",4413.81,5568.00,4963.47,0.00,0.00,0.00,0.00,0.00,0.00,2884.00,2884.00,0.00,20713.28
"Panasonic Avionics Corporation",0.00,0.00,0.00,0.00,0.00,0.00,0.00,0.00,0.00,0.00,0.00,1308.20,1308.20
"Par Pacific Holdings, inc",0.00,61241.82,0.00,0.00,0.00,0.00,0.00,0.00,2950.00,0.00,0.00,0.00,64191.82
"Pasadena Police Dept Range",0.00,0.00,1537.28,0.00,0.00,0.00,0.00,0.00,0.00,0.00,0.00,0.00,1537.28
"Pechanga Resort & Casino",5013.88,668.48,0.00,0.00,3168.36,0.00,2567.92,31431.44,10294.98,0.00,33771.52,0.00,86916.58
"Pepperdine University",11734.19,0.00,0.00,17617.49,4451.29,0.00,26588.25,1547.54,2288.96,0.00,0.00,67665.60,131893.32
"PGE Westward Power Station 1",0.00,0.00,0.00,1665.36,0.00,0.00,0.00,0.00,0.00,0.00,0.00,0.00,1665.36
"Phillips 66 Company",0.00,0.00,0.00,0.00,0.00,776.00,0.00,0.00,0.00,21906.60,430.00,18650.40,41763.00
"PIC Group Inc.",0.00,0.00,0.00,0.00,199260.07,0.00,0.00,0.00,6709.20,0.00,0.00,0.00,205969.27
"Pinellas County Utilities",0.00,0.00,0.00,0.00,0.00,0.00,318.47,0.00,0.00,0.00,0.00,0.00,318.47
"Placentia-Linda Hospital",0.00,15231.42,0.00,3471.43,500.00,0.00,806.46,3471.43,0.00,431.03,0.00,3471.43,27383.20
"Planet Cellular",0.00,7190.00,0.00,0.00,0.00,0.00,0.00,0.00,0.00,0.00,0.00,0.00,7190.00
"Pleatco Filtration",0.00,0.00,5429.00,0.00,0.00,0.00,0.00,0.00,0.00,0.00,0.00,0.00,5429.00
"Praxair",0.00,19237.00,0.00,0.00,0.00,0.00,0.00,0.00,0.00,0.00,0.00,0.00,19237.00
"Precision Filter Products",131519.20,146940.40,0.00,0.00,557.60,5380.79,968.48,0.00,0.00,0.00,0.00,0.00,285366.47
"Precision Quincy",1307.76,0.00,0.00,0.00,146.28,0.00,0.00,0.00,-428.40,0.00,0.00,0.00,1025.64
"Preferred Filtration",0.00,4317.29,0.00,0.00,4272.85,0.00,4272.95,0.00,0.00,4562.00,0.00,4252.00,21677.09
"Prevalon",0.00,0.00,0.00,0.00,0.00,0.00,0.00,0.00,1804.40,0.00,0.00,1804.40,3608.80
"Production Print Solutions-MCS Services",0.00,0.00,0.00,0.00,0.00,0.00,0.00,1562.40,0.00,0.00,0.00,0.00,1562.40
"Providence Little Co. of Mary- San Pedro-",6406.62,0.00,1082.40,3385.20,0.00,0.00,27431.99,450.00,9066.96,0.00,0.00,7841.54,55664.71
"Providence Little Company of Mary - Torr-",0.00,0.00,0.00,0.00,0.00,0.00,53138.64,0.00,0.00,0.00,0.00,0.00,53138.64
"Providence Saint Joseph - MAIN Burbank-",-307.78,-621.97,6927.89,24977.43,0.00,0.00,-307.78,24977.43,0.00,0.00,-931.39,24977.43,79691.26
"Providence Tarzana Medical Center-",0.00,0.00,54014.95,0.00,0.00,12082.93,0.00,0.00,900.26,10661.86,3363.02,11580.45,92603.47
"Prudential Cleanroom Services",0.00,3556.02,0.00,1873.30,0.00,0.00,0.00,0.00,2459.18,7287.42,0.00,0.00,15175.92
"PT Dunia  Cipta Lestari",0.00,0.00,0.00,0.00,0.00,0.00,0.00,1714.31,0.00,0.00,0.00,0.00,1714.31
"Public Health Nerds, LLC",0.00,0.00,0.00,0.00,0.00,0.00,0.00,0.00,0.00,924.59,0.00,0.00,924.59
"Pundir Group (was Logzone Urban JV2, LLC)",0.00,0.00,0.00,0.00,0.00,0.00,0.00,0.00,1921.88,0.00,0.00,0.00,1921.88
"Pure Process Filtration, Inc",0.00,0.00,0.00,0.00,1395.00,0.00,0.00,0.00,0.00,0.00,0.00,0.00,1395.00
"Qualcomm",0.00,0.00,0.00,0.00,0.00,0.00,0.00,0.00,0.00,0.00,0.00,6243.65,6243.65
"Quality Mechanical Services",0.00,0.00,0.00,0.00,0.00,422.75,0.00,0.00,0.00,0.00,0.00,0.00,422.75
"Qubink",0.00,0.00,0.00,522.18,0.00,0.00,0.00,0.00,0.00,0.00,0.00,0.00,522.18
"Quest Diagnostics",0.00,0.00,0.00,0.00,13453.04,6727.32,0.00,0.00,0.00,8454.73,0.00,13453.04,42088.13
"Radford Studio Center",0.00,2898.96,614.56,1488.72,12167.40,0.00,915.32,0.00,0.00,2775.16,0.00,0.00,20860.12
"Rahi Systems, Inc.",0.00,0.00,0.00,0.00,0.00,0.00,0.00,0.00,2010.11,0.00,0.00,0.00,2010.11
"Ravenwood Fabrication",0.00,0.00,0.00,0.00,0.00,0.00,0.00,0.00,1249.58,0.00,0.00,0.00,1249.58
"Raymonds Supply Co Ltd",2485.64,0.00,0.00,0.00,0.00,0.00,0.00,0.00,0.00,2526.16,0.00,0.00,5011.80
"Red Falcon LLC",8463.76,0.00,0.00,0.00,0.00,0.00,0.00,0.00,0.00,0.00,0.00,0.00,8463.76
"Redstone Holdings Inc.",0.00,0.00,0.00,0.00,0.00,843.44,0.00,0.00,0.00,0.00,0.00,0.00,843.44
"Redwood Materials, Inc",0.00,0.00,891.70,467.53,0.00,0.00,0.00,0.00,0.00,0.00,0.00,6198.94,7558.17
"Regent Santa Monica Beach",0.00,0.00,0.00,0.00,0.00,0.00,0.00,2380.80,0.00,0.00,617.96,0.00,2998.76
"Reliant EXIM & Consulting LLC",0.00,1541.00,0.00,0.00,0.00,0.00,0.00,0.00,0.00,0.00,0.00,0.00,1541.00
"REM Supply Inc.",0.00,0.00,0.00,0.00,6022.40,5928.30,0.00,5928.30,0.00,0.00,0.00,0.00,17879.00
"REX UMBAY",0.00,0.00,0.00,0.00,0.00,0.00,0.00,0.00,2380.80,0.00,0.00,0.00,2380.80
"Rich's Products Corporation- (Venice Bake",0.00,1178.60,0.00,278.76,0.00,0.00,0.00,0.00,0.00,0.00,945.12,0.00,2402.48
"Rimage Corporation",0.00,95.76,0.00,0.00,0.00,0.00,0.00,0.00,0.00,0.00,0.00,0.00,95.76
"Rio Filters Supply",0.00,0.00,0.00,0.00,0.00,0.00,1549.32,0.00,0.00,1673.25,1673.25,0.00,4895.82
"RipeLocker, Inc",0.00,0.00,0.00,0.00,0.00,0.00,0.00,0.00,0.00,0.00,0.00,0.00,0.00
"Roseburg Forest Products",933.00,0.00,0.00,0.00,0.00,0.00,0.00,0.00,0.00,0.00,0.00,0.00,933.00
"Roto Air Filters Sales & Service",3018.91,3116.00,5906.16,2433.08,2558.66,9895.82,2719.40,10535.86,2823.81,0.00,0.00,2568.51,45576.21
"rPlanet Earth",0.00,3262.56,0.00,0.00,1631.28,0.00,2007.10,0.00,2007.10,4014.20,0.00,0.00,12922.24
"Rustic Bakery",0.00,0.00,0.00,0.00,0.00,0.00,0.00,398.40,0.00,0.00,0.00,0.00,398.40
"Safran Cabin C&D Zodiac",0.00,0.00,2557.90,0.00,0.00,0.00,0.00,0.00,0.00,0.00,0.00,0.00,2557.90
"San José-Santa Clara Regional Wastewater",0.00,0.00,5409.89,8034.52,0.00,0.00,0.00,0.00,0.00,1178.92,0.00,0.00,14623.33
"Santiago Canyon College",0.00,0.00,20656.38,0.00,0.00,0.00,0.00,0.00,0.00,0.00,0.00,0.00,20656.38
"Sechang Philippines Corporation",0.00,0.00,0.00,0.00,0.00,0.00,13081.58,0.00,0.00,0.00,0.00,0.00,13081.58
"Shultz Steel, LLC",0.00,0.00,0.00,0.00,10517.36,0.00,0.00,0.00,0.00,0.00,0.00,0.00,10517.36
"Silviano's 911 TES",0.00,0.00,0.00,0.00,0.00,0.00,0.00,0.00,275.14,0.00,0.00,0.00,275.14
"Simprint",243.50,0.00,0.00,0.00,0.00,0.00,0.00,0.00,0.00,0.00,0.00,0.00,243.50
"Simulator Product Solutions LLC",0.00,0.00,0.00,0.00,0.00,0.00,277.04,0.00,0.00,0.00,0.00,0.00,277.04
"Soap to Nuts",0.00,0.00,0.00,0.00,0.00,961.20,0.00,0.00,0.00,0.00,0.00,0.00,961.20
"SoCal Filters and Services, Inc.",0.00,0.00,0.00,0.00,0.00,22178.66,967.20,0.00,0.00,0.00,0.00,0.00,23145.86
"SOLVD Health",0.00,0.00,0.00,0.00,0.00,0.00,0.00,17278.91,0.00,0.00,0.00,0.00,17278.91
"Source 1 Distribution",0.00,0.00,6681.60,0.00,0.00,0.00,0.00,0.00,0.00,0.00,0.00,0.00,6681.60
"Sourced Materials",0.00,0.00,0.00,0.00,0.00,0.00,0.00,0.00,0.00,0.00,0.00,4929.00,4929.00
"Sourced Materials, Inc",0.00,0.00,0.00,0.00,0.00,0.00,0.00,0.00,21304.00,0.00,0.00,0.00,21304.00
"South Coast Mechanical",0.00,0.00,0.00,0.00,0.00,0.00,0.00,0.00,0.00,0.00,0.00,2847.40,2847.40
"South Coast Plaza",54656.13,0.00,0.00,0.00,0.00,0.00,0.00,0.00,0.00,0.00,28569.22,0.00,83225.35
"South Pacific Heating Air Conditioning",0.00,0.00,0.00,1087.12,0.00,0.00,0.00,0.00,0.00,0.00,1079.72,0.00,2166.84
"Southern Cross Aviation",0.00,4736.70,0.00,0.00,0.00,0.00,0.00,0.00,0.00,0.00,0.00,0.00,4736.70
"SPACEX",0.00,0.00,0.00,0.00,0.00,0.00,0.00,0.00,0.00,2109.00,2344.00,0.00,4453.00
"SPX Radiodetection",966.00,0.00,0.00,0.00,0.00,0.00,0.00,0.00,0.00,0.00,0.00,0.00,966.00
"SRP- Agua Fria Generating Station",0.00,0.00,0.00,31212.92,10720.54,0.00,0.00,0.00,0.00,0.00,0.00,0.00,41933.46
"SRP - Mesquite Generating Station",0.00,0.00,0.00,1323.45,0.00,0.00,18552.48,0.00,0.00,0.00,377.97,1627.86,21881.76
"SRP Coolidge Generating Station",0.00,0.00,111807.20,0.00,0.00,0.00,0.00,11846.67,0.00,0.00,0.00,0.00,123653.87
"SRP Desert Basin",4190.00,0.00,15288.00,4588.98,0.00,0.00,0.00,0.00,0.00,0.00,0.00,0.00,24066.98
"St Joseph Hospital - Orange-",0.00,43704.20,0.00,0.00,0.00,0.00,0.00,0.00,79358.04,0.00,0.00,0.00,123062.24
"St. Francis Medical Center",3340.52,0.00,0.00,0.00,0.00,38448.04,0.00,0.00,0.00,0.00,0.00,0.00,41788.56
"St. Mary Medical Center",0.00,0.00,0.00,0.00,0.00,0.00,0.00,0.00,923.43,0.00,0.00,0.00,923.43
"Stellant Systems",0.00,0.00,0.00,0.00,0.00,1252.00,0.00,0.00,0.00,0.00,0.00,0.00,1252.00
"Sunrise Power Compan",0.00,0.00,89345.70,0.00,0.00,0.00,0.00,0.00,0.00,0.00,0.00,0.00,89345.70
"Suntest Systems, Inc.",0.00,0.00,0.00,0.00,0.00,0.00,0.00,0.00,499.40,0.00,0.00,0.00,499.40
"Superior Felt & Filtration, LLC.",5745.60,0.00,0.00,16340.21,0.00,0.00,0.00,0.00,0.00,0.00,0.00,0.00,22085.81
"Supreme Color Graphics",0.00,0.00,0.00,0.00,0.00,0.00,0.00,0.00,0.00,0.00,0.00,0.00,0.00
"Tampa Industrial Supply, LLC.",0.00,0.00,0.00,0.00,0.00,0.00,0.00,41.10,0.00,205.50,0.00,0.00,246.60
"Technical Equipment Sales, Inc.",0.00,0.00,0.00,7792.80,0.00,0.00,0.00,0.00,0.00,0.00,0.00,0.00,7792.80
"Technocore General Trading, LLC",0.00,0.00,0.00,0.00,0.00,0.00,0.00,0.00,0.00,0.00,0.00,2566.70,2566.70
"Technomax Middle East Engg. LLC",0.00,0.00,0.00,0.00,0.00,0.00,6354.56,0.00,0.00,0.00,0.00,0.00,6354.56
"Teledyne API",2097.00,0.00,2097.00,2202.00,0.00,0.00,2202.00,0.00,2202.00,0.00,2202.00,2202.00,15204.00
"Teledyne Scientific Imaging",0.00,0.00,0.00,0.00,0.00,0.00,0.00,0.00,16737.70,0.00,0.00,0.00,16737.70
"Temecula Valley Hospital",0.00,0.00,0.00,0.00,0.00,0.00,0.00,7886.67,0.00,0.00,0.00,0.00,7886.67
"The Aerospace Corporation",21152.44,3428.20,1362.44,24245.08,16926.38,1575.60,0.00,3114.12,4199.79,10664.42,1794.00,13570.16,102032.63
"The Filter Man, LLC",0.00,0.00,8401.20,0.00,0.00,0.00,6824.57,0.00,3767.20,0.00,0.00,0.00,18992.97
"The Light Company",0.00,0.00,0.00,0.00,0.00,0.00,0.00,0.00,0.00,0.00,4211.41,586.16,4797.57
"The Procter & Gamble Paper",0.00,0.00,24367.40,0.00,0.00,0.00,12325.24,0.00,0.00,0.00,29056.23,0.00,65748.87
"TID Water & Power",0.00,870.00,10578.60,0.00,0.00,0.00,0.00,0.00,0.00,0.00,106426.02,0.00,117874.62
"Topaz Power Group",0.00,0.00,760.20,0.00,0.00,0.00,0.00,0.00,0.00,0.00,0.00,0.00,760.20
"Total Filtration Specialists",0.00,0.00,0.00,0.00,0.00,0.00,457.98,0.00,0.00,0.00,0.00,12195.86,12653.84
"Trebla Industrial Resources, Inc.",0.00,0.00,0.00,0.00,0.00,0.00,0.00,0.00,0.00,0.00,0.00,239.88,239.88
"Tri-West Mechanical",1723.55,151.42,1303.90,152.40,525.44,1064.38,165.64,1408.98,0.00,435.89,1073.26,1235.02,9239.88
"TSL Company",0.00,0.00,0.00,0.00,0.00,0.00,0.00,6929.20,0.00,0.00,0.00,0.00,6929.20
"TST, Inc.",0.00,699.20,0.00,0.00,0.00,0.00,0.00,0.00,0.00,0.00,0.00,0.00,699.20
"Tucson Electric Power",0.00,0.00,0.00,0.00,0.00,0.00,0.00,1559.00,2029.62,0.00,0.00,0.00,3588.62
"UBER",0.00,1456.78,10667.05,937.70,0.00,0.00,0.00,59445.26,0.00,0.00,0.00,0.00,72506.79
"Universal Air Filter",0.00,0.00,0.00,1356.50,0.00,0.00,0.00,0.00,0.00,0.00,0.00,0.00,1356.50
"University of California, Irvine",0.00,0.00,3572.92,0.00,0.00,0.00,0.00,0.00,0.00,0.00,0.00,0.00,3572.92
"University of Nevada, Reno",0.00,0.00,0.00,0.00,0.00,0.00,0.00,0.00,0.00,330.40,0.00,0.00,330.40
"VA - West Los Angeles",0.00,0.00,0.00,237.16,0.00,3231.32,0.00,0.00,0.00,0.00,0.00,474.32,3942.80
"VA Loma Linda Health Care Center",0.00,0.00,0.00,82362.11,10292.82,0.00,0.00,7360.68,18048.06,0.00,0.00,79212.41,197276.08
"VA Medical Center- Long Beach",0.00,0.00,0.00,0.00,2633.80,0.00,2000.00,0.00,0.00,0.00,0.00,0.00,4633.80
"Vacumetrics Corp",0.00,0.00,0.00,0.00,0.00,0.00,0.00,0.00,0.00,1092.00,0.00,0.00,1092.00
"Valley Presbyterian Hospital",0.00,0.00,0.00,0.00,0.00,0.00,5513.51,0.00,54095.96,8535.17,0.00,0.00,68144.64
"Valor Constructors Inc",0.00,0.00,0.00,18142.63,63245.84,67793.27,37503.86,20131.90,79307.58,53539.12,29368.62,7415.32,376448.14
"Vertical Systems, LLC",18959.60,35264.00,0.00,3851.44,1903.00,0.00,0.00,0.00,0.00,27322.09,0.00,0.00,87300.13
"Viaflex",0.00,0.00,0.00,0.00,0.00,0.00,0.00,0.00,0.00,0.00,0.00,0.00,0.00
"W.L. Gore & Associates",0.00,2420.00,0.00,0.00,0.00,0.00,1815.00,0.00,0.00,2420.00,0.00,0.00,6655.00
"WA Development Group",0.00,0.00,0.00,0.00,0.00,0.00,0.00,0.00,0.00,767.69,0.00,0.00,767.69
"Walden School",0.00,0.00,0.00,0.00,0.00,0.00,2509.50,0.00,0.00,1233.82,0.00,0.00,3743.32
"Warner Bros Studio Facilities",10940.06,0.00,0.00,7294.30,0.00,0.00,0.00,0.00,0.00,0.00,0.00,0.00,18234.36
"Wells Global",0.00,0.00,0.00,0.00,0.00,0.00,0.00,0.00,57.20,0.00,0.00,0.00,57.20
"Wesco Distribution",0.00,0.00,0.00,0.00,0.00,0.00,0.00,326.40,0.00,0.00,0.00,0.00,326.40
"West Virginia University",0.00,0.00,0.00,2640.00,0.00,0.00,0.00,0.00,0.00,0.00,0.00,0.00,2640.00
"Western Allied Corporation",0.00,0.00,0.00,0.00,0.00,0.00,0.00,0.00,0.00,0.00,746.80,0.00,746.80
"Western Science Center",0.00,0.00,0.00,0.00,0.00,0.00,843.40,0.00,0.00,0.00,0.00,0.00,843.40
"White Memorial Medical Center",0.00,0.00,0.00,0.00,0.00,0.00,1008.80,4311.50,3139.28,0.00,2922.72,2919.36,14301.66
"White Memorial Montebello",5279.76,735.41,0.00,3179.76,100.24,0.00,0.00,0.00,0.00,0.00,3247.76,0.00,12542.93
"WI Loma Linda CA LLC",3317.92,0.00,0.00,26441.27,0.00,3765.52,0.00,0.00,0.00,4552.10,0.00,0.00,38076.81
"Winzer",0.00,0.00,0.00,0.00,0.00,0.00,0.00,0.00,0.00,761.60,0.00,0.00,761.60
"Worthe Real Estate Group",15037.52,52223.89,2246.08,3001.92,47858.01,0.00,3013.92,4198.08,0.00,1865.76,10924.08,0.00,140369.26
"WSDOT NWR Signals HQ",0.00,0.00,0.00,1218.43,0.00,0.00,0.00,0.00,436.28,0.00,0.00,0.00,1654.71
"Xcel Mechanical Systems",0.00,0.00,0.00,0.00,0.00,0.00,0.00,0.00,0.00,896.64,0.00,0.00,896.64
"Xenova Sciences",0.00,0.00,0.00,1676.80,0.00,0.00,0.00,0.00,0.00,0.00,0.00,0.00,1676.80
"TOTAL",1022320.88,1278847.10,1722661.46,1798418.46,1586763.81,1247844.55,1262422.88,932251.68,981997.96,1018135.84,973481.91,1457992.84,15283139.37
